x,y,vx,vy,Paddle.y
748,26,4,-2,152
400,200,7,-2,200
407,198,7,-2,0
414,196,7,-2,0
421,194,7,-2,0
428,192,7,-2,0
435,190,7,-2,0
442,188,7,-2,0
449,186,7,-2,0
456,184,7,-2,0
463,182,7,-2,0
470,180,7,-2,0
477,178,7,-2,0
484,176,7,-2,0
491,174,7,-2,0
498,172,7,-2,0
505,170,7,-2,0
512,168,7,-2,0
519,166,7,-2,0
526,164,7,-2,365
533,162,7,-2,347
540,160,7,-2,337
547,158,7,-2,337
554,156,7,-2,333
561,154,7,-2,333
568,152,7,-2,333
575,150,7,-2,334
582,148,7,-2,337
589,146,7,-2,345
596,144,7,-2,357
603,142,7,-2,373
610,140,7,-2,391
617,138,7,-2,391
624,136,7,-2,391
631,134,7,-2,391
638,132,7,-2,391
645,130,7,-2,391
652,128,7,-2,391
659,126,7,-2,391
666,124,7,-2,390
673,122,7,-2,362
680,120,7,-2,325
687,118,7,-2,281
694,116,7,-2,237
701,114,7,-2,199
708,112,7,-2,161
715,110,7,-2,127
722,108,7,-2,100
729,106,7,-2,82
736,104,7,-2,74
743,102,7,-2,67
750,100,7,-2,55
757,98,7,-2,45
764,96,7,-2,36
771,94,7,-2,33
778,92,7,-2,32
785,90,7,-2,31
792,88,7,-2,32
799,86,7,-2,33
806,84,7,-2,34
407,198,7,-2,34
414,196,7,-2,35
421,194,7,-2,36
428,192,7,-2,36
435,190,7,-2,38
442,188,7,-2,39
449,186,7,-2,42
456,184,7,-2,45
463,182,7,-2,47
470,180,7,-2,49
477,178,7,-2,50
484,176,7,-2,51
491,174,7,-2,52
498,172,7,-2,53
505,170,7,-2,54
512,168,7,-2,55
519,166,7,-2,56
526,164,7,-2,58
533,162,7,-2,62
540,160,7,-2,70
547,158,7,-2,80
554,156,7,-2,92
561,154,7,-2,107
568,152,7,-2,121
575,150,7,-2,136
582,148,7,-2,142
589,146,7,-2,144
596,144,7,-2,145
603,142,7,-2,146
610,140,7,-2,146
617,138,7,-2,146
624,136,7,-2,146
631,134,7,-2,146
638,132,7,-2,146
645,130,7,-2,146
652,128,7,-2,146
659,126,7,-2,145
666,124,7,-2,145
673,122,7,-2,142
680,120,7,-2,139
687,118,7,-2,135
694,116,7,-2,131
701,114,7,-2,129
708,112,7,-2,127
715,110,7,-2,125
722,108,7,-2,124
729,106,7,-2,123
736,104,7,-2,123
743,102,7,-2,123
750,100,7,-2,123
757,98,7,-2,123
764,96,7,-2,123
771,94,7,-2,123
764,87,-7,-7,123
757,80,-7,-7,123
750,73,-7,-7,123
743,66,-7,-7,122
736,59,-7,-7,122
729,52,-7,-7,121
722,45,-7,-7,120
715,38,-7,-7,119
708,31,-7,-7,118
701,24,-7,-7,117
694,17,-7,-7,117
687,10,-7,-7,115
680,3,-7,-7,114
673,-4,-7,-7,114
666,3,-7,7,113
659,10,-7,7,113
652,17,-7,7,113
645,24,-7,7,112
638,31,-7,7,112
631,38,-7,7,112
624,45,-7,7,112
617,52,-7,7,112
610,59,-7,7,111
603,66,-7,7,110
596,73,-7,7,110
589,80,-7,7,110
582,87,-7,7,110
575,94,-7,7,111
568,101,-7,7,115
561,108,-7,7,121
554,115,-7,7,129
547,122,-7,7,142
540,129,-7,7,158
533,136,-7,7,179
526,143,-7,7,203
519,150,-7,7,218
512,157,-7,7,226
505,164,-7,7,228
498,171,-7,7,228
491,178,-7,7,228
484,185,-7,7,228
477,192,-7,7,228
470,199,-7,7,228
463,206,-7,7,228
456,213,-7,7,228
449,220,-7,7,228
442,227,-7,7,228
435,234,-7,7,228
428,241,-7,7,228
421,248,-7,7,228
414,255,-7,7,228
407,262,-7,7,228
400,269,-7,7,228
393,276,-7,7,231
386,283,-7,7,234
379,290,-7,7,237
372,297,-7,7,235
365,304,-7,7,235
358,311,-7,7,235
351,318,-7,7,234
344,325,-7,7,234
337,332,-7,7,234
330,339,-7,7,234
323,346,-7,7,234
316,353,-7,7,234
309,360,-7,7,234
302,367,-7,7,234
295,374,-7,7,234
288,381,-7,7,234
281,388,-7,7,234
274,395,-7,7,234
267,402,-7,7,234
260,395,-7,-7,234
253,388,-7,-7,234
246,381,-7,-7,234
239,374,-7,-7,234
232,367,-7,-7,234
225,360,-7,-7,234
218,353,-7,-7,234
211,346,-7,-7,234
204,339,-7,-7,234
197,332,-7,-7,234
190,325,-7,-7,234
183,318,-7,-7,234
176,311,-7,-7,233
169,304,-7,-7,231
162,297,-7,-7,225
155,290,-7,-7,217
148,283,-7,-7,207
141,276,-7,-7,197
134,269,-7,-7,190
127,262,-7,-7,183
120,255,-7,-7,178
113,248,-7,-7,175
106,241,-7,-7,173
99,234,-7,-7,172
92,227,-7,-7,171
85,220,-7,-7,169
78,213,-7,-7,169
71,206,-7,-7,168
64,199,-7,-7,167
57,192,-7,-7,165
50,185,-7,-7,165
43,178,-7,-7,165
36,171,-7,-7,165
29,164,-7,-7,165
22,157,-7,-7,165
15,150,-7,-7,165
8,143,-7,-7,165
1,136,-7,-7,165
-6,129,-7,-7,165
1,122,7,-7,165
8,115,7,-7,165
15,108,7,-7,165
22,101,7,-7,165
29,94,7,-7,165
36,87,7,-7,165
43,80,7,-7,165
50,73,7,-7,165
57,66,7,-7,165
64,59,7,-7,165
71,52,7,-7,165
78,45,7,-7,165
85,38,7,-7,165
92,31,7,-7,165
99,24,7,-7,165
106,17,7,-7,165
113,10,7,-7,165
120,3,7,-7,165
127,-4,7,-7,165
134,3,7,7,165
141,10,7,7,165
148,17,7,7,165
155,24,7,7,164
162,31,7,7,164
169,38,7,7,164
176,45,7,7,164
183,52,7,7,164
190,59,7,7,164
197,66,7,7,165
204,73,7,7,166
211,80,7,7,169
218,87,7,7,174
225,94,7,7,182
232,101,7,7,192
239,108,7,7,204
246,115,7,7,216
253,122,7,7,229
260,129,7,7,240
267,136,7,7,249
274,143,7,7,256
281,150,7,7,262
288,157,7,7,266
295,164,7,7,268
302,171,7,7,270
309,178,7,7,272
316,185,7,7,274
323,192,7,7,275
330,199,7,7,277
337,206,7,7,278
344,213,7,7,279
351,220,7,7,279
358,227,7,7,279
365,234,7,7,279
372,241,7,7,279
379,248,7,7,279
386,255,7,7,278
393,262,7,7,276
400,269,7,7,275
407,276,7,7,273
414,283,7,7,271
421,290,7,7,270
428,297,7,7,270
435,304,7,7,269
442,311,7,7,267
449,318,7,7,264
456,325,7,7,258
463,332,7,7,251
470,339,7,7,245
477,346,7,7,240
484,353,7,7,236
491,360,7,7,231
498,367,7,7,227
505,374,7,7,223
512,381,7,7,218
519,388,7,7,214
526,395,7,7,209
533,402,7,7,205
540,395,7,-7,201
547,388,7,-7,196
554,381,7,-7,191
561,374,7,-7,186
568,367,7,-7,183
575,360,7,-7,181
582,353,7,-7,179
589,346,7,-7,178
596,339,7,-7,178
603,332,7,-7,177
610,325,7,-7,177
617,318,7,-7,177
624,311,7,-7,176
631,304,7,-7,175
638,297,7,-7,174
645,290,7,-7,172
652,283,7,-7,169
659,276,7,-7,166
666,269,7,-7,163
673,262,7,-7,160
680,255,7,-7,159
687,248,7,-7,158
694,241,7,-7,157
701,234,7,-7,157
708,227,7,-7,157
715,220,7,-7,157
722,213,7,-7,157
729,206,7,-7,157
736,199,7,-7,157
743,192,7,-7,157
750,185,7,-7,157
757,178,7,-7,156
764,171,7,-7,154
771,164,7,-7,152
764,166,-7,2,148
757,168,-7,2,145
750,170,-7,2,141
743,172,-7,2,139
736,174,-7,2,138
729,176,-7,2,137
722,178,-7,2,137
715,180,-7,2,137
708,182,-7,2,137
701,184,-7,2,137
694,186,-7,2,137
687,188,-7,2,137
680,190,-7,2,137
673,192,-7,2,137
666,194,-7,2,137
659,196,-7,2,137
652,198,-7,2,137
645,200,-7,2,137
638,202,-7,2,137
631,204,-7,2,137
624,206,-7,2,137
617,208,-7,2,137
610,210,-7,2,137
603,212,-7,2,137
596,214,-7,2,137
589,216,-7,2,137
582,218,-7,2,137
575,220,-7,2,137
568,222,-7,2,137
561,224,-7,2,137
554,226,-7,2,137
547,228,-7,2,137
540,230,-7,2,137
533,232,-7,2,137
526,234,-7,2,137
519,236,-7,2,137
512,238,-7,2,137
505,240,-7,2,137
498,242,-7,2,137
491,244,-7,2,137
484,246,-7,2,137
477,248,-7,2,137
470,250,-7,2,137
463,252,-7,2,137
456,254,-7,2,137
449,256,-7,2,137
442,258,-7,2,137
435,260,-7,2,137
428,262,-7,2,137
421,264,-7,2,137
414,266,-7,2,137
407,268,-7,2,137
400,270,-7,2,137
393,272,-7,2,137
386,274,-7,2,137
379,276,-7,2,137
372,278,-7,2,137
365,280,-7,2,137
358,282,-7,2,137
351,284,-7,2,137
344,286,-7,2,137
337,288,-7,2,137
330,290,-7,2,137
323,292,-7,2,137
316,294,-7,2,137
309,296,-7,2,137
302,298,-7,2,137
295,300,-7,2,137
288,302,-7,2,137
281,304,-7,2,137
274,306,-7,2,137
267,308,-7,2,137
260,310,-7,2,137
253,312,-7,2,137
246,314,-7,2,137
239,316,-7,2,137
232,318,-7,2,137
225,320,-7,2,137
218,322,-7,2,137
211,324,-7,2,137
204,326,-7,2,137
197,328,-7,2,137
190,330,-7,2,137
183,332,-7,2,137
176,334,-7,2,137
169,336,-7,2,137
162,338,-7,2,137
155,340,-7,2,137
148,342,-7,2,137
141,344,-7,2,137
134,346,-7,2,137
127,348,-7,2,137
120,350,-7,2,137
113,352,-7,2,137
106,354,-7,2,137
99,356,-7,2,137
92,358,-7,2,137
85,360,-7,2,137
78,362,-7,2,137
71,364,-7,2,137
64,366,-7,2,137
57,368,-7,2,137
50,370,-7,2,137
43,372,-7,2,137
36,374,-7,2,137
29,376,-7,2,137
22,378,-7,2,137
15,380,-7,2,137
8,382,-7,2,137
1,384,-7,2,137
-6,386,-7,2,137
1,388,7,2,137
8,390,7,2,137
15,392,7,2,137
22,394,7,2,137
29,396,7,2,137
36,398,7,2,137
43,400,7,2,137
50,402,7,2,137
57,400,7,-2,137
64,398,7,-2,137
71,396,7,-2,137
78,394,7,-2,137
85,392,7,-2,137
92,390,7,-2,137
99,388,7,-2,137
106,386,7,-2,137
113,384,7,-2,137
120,382,7,-2,137
127,380,7,-2,137
134,378,7,-2,137
141,376,7,-2,137
148,374,7,-2,137
155,372,7,-2,137
162,370,7,-2,137
169,368,7,-2,137
176,366,7,-2,137
183,364,7,-2,137
190,362,7,-2,137
197,360,7,-2,137
204,358,7,-2,137
211,356,7,-2,138
218,354,7,-2,139
225,352,7,-2,143
232,350,7,-2,151
239,348,7,-2,162
246,346,7,-2,176
253,344,7,-2,188
260,342,7,-2,199
267,340,7,-2,210
274,338,7,-2,218
281,336,7,-2,225
288,334,7,-2,233
295,332,7,-2,239
302,330,7,-2,245
309,328,7,-2,252
316,326,7,-2,260
323,324,7,-2,269
330,322,7,-2,277
337,320,7,-2,283
344,318,7,-2,287
351,316,7,-2,290
358,314,7,-2,292
365,312,7,-2,293
372,310,7,-2,294
379,308,7,-2,295
386,306,7,-2,295
393,304,7,-2,296
400,302,7,-2,296
407,300,7,-2,296
414,298,7,-2,296
421,296,7,-2,294
428,294,7,-2,294
435,292,7,-2,293
442,290,7,-2,291
449,288,7,-2,287
456,286,7,-2,284
463,284,7,-2,283
470,282,7,-2,283
477,280,7,-2,283
484,278,7,-2,283
491,276,7,-2,283
498,274,7,-2,283
505,272,7,-2,283
512,270,7,-2,283
519,268,7,-2,282
526,266,7,-2,280
533,264,7,-2,277
540,262,7,-2,274
547,260,7,-2,272
554,258,7,-2,270
561,256,7,-2,269
568,254,7,-2,269
575,252,7,-2,267
582,250,7,-2,263
589,248,7,-2,259
596,246,7,-2,256
603,244,7,-2,253
610,242,7,-2,249
617,240,7,-2,245
624,238,7,-2,242
631,236,7,-2,241
638,234,7,-2,240
645,232,7,-2,239
652,230,7,-2,238
659,228,7,-2,237
666,226,7,-2,236
673,224,7,-2,234
680,222,7,-2,231
687,220,7,-2,229
694,218,7,-2,226
701,216,7,-2,225
708,214,7,-2,223
715,212,7,-2,222
722,210,7,-2,220
729,208,7,-2,219
736,206,7,-2,218
743,204,7,-2,217
750,202,7,-2,216
757,200,7,-2,215
764,198,7,-2,214
771,196,7,-2,214
764,196,-7,0,214
757,196,-7,0,214
750,196,-7,0,214
743,196,-7,0,214
736,196,-7,0,214
729,196,-7,0,214
722,196,-7,0,214
715,196,-7,0,214
708,196,-7,0,214
701,196,-7,0,214
694,196,-7,0,214
687,196,-7,0,214
680,196,-7,0,214
673,196,-7,0,214
666,196,-7,0,214
659,196,-7,0,214
652,196,-7,0,214
645,196,-7,0,214
638,196,-7,0,214
631,196,-7,0,214
624,196,-7,0,214
617,196,-7,0,214
610,196,-7,0,214
603,196,-7,0,214
596,196,-7,0,214
589,196,-7,0,214
582,196,-7,0,214
575,196,-7,0,214
568,196,-7,0,214
561,196,-7,0,214
554,196,-7,0,214
547,196,-7,0,214
540,196,-7,0,214
533,196,-7,0,214
526,196,-7,0,214
519,196,-7,0,214
512,196,-7,0,214
505,196,-7,0,214
498,196,-7,0,214
491,196,-7,0,214
484,196,-7,0,214
477,196,-7,0,214
470,196,-7,0,214
463,196,-7,0,214
456,196,-7,0,214
449,196,-7,0,214
442,196,-7,0,214
435,196,-7,0,214
428,196,-7,0,214
421,196,-7,0,214
414,196,-7,0,214
407,196,-7,0,214
400,196,-7,0,214
393,196,-7,0,214
386,196,-7,0,214
379,196,-7,0,214
372,196,-7,0,214
365,196,-7,0,214
358,196,-7,0,214
351,196,-7,0,214
344,196,-7,0,214
337,196,-7,0,214
330,196,-7,0,214
323,196,-7,0,214
316,196,-7,0,214
309,196,-7,0,214
302,196,-7,0,214
295,196,-7,0,214
288,196,-7,0,214
281,196,-7,0,214
274,196,-7,0,214
267,196,-7,0,214
260,196,-7,0,214
253,196,-7,0,214
246,196,-7,0,214
239,196,-7,0,214
232,196,-7,0,214
225,196,-7,0,214
218,196,-7,0,214
211,196,-7,0,214
204,196,-7,0,214
197,196,-7,0,214
190,196,-7,0,214
183,196,-7,0,214
176,196,-7,0,214
169,196,-7,0,214
162,196,-7,0,214
155,196,-7,0,214
148,196,-7,0,214
141,196,-7,0,214
134,196,-7,0,214
127,196,-7,0,214
120,196,-7,0,214
113,196,-7,0,214
106,196,-7,0,214
99,196,-7,0,214
92,196,-7,0,214
85,196,-7,0,214
78,196,-7,0,214
71,196,-7,0,214
64,196,-7,0,214
57,196,-7,0,214
50,196,-7,0,214
43,196,-7,0,214
36,196,-7,0,214
29,196,-7,0,214
22,196,-7,0,214
15,196,-7,0,214
8,196,-7,0,214
1,196,-7,0,214
-6,196,-7,0,214
1,196,7,0,214
8,196,7,0,214
15,196,7,0,214
22,196,7,0,214
29,196,7,0,214
36,196,7,0,214
43,196,7,0,214
50,196,7,0,214
57,196,7,0,214
64,196,7,0,214
71,196,7,0,214
78,196,7,0,214
85,196,7,0,214
92,196,7,0,214
99,196,7,0,214
106,196,7,0,214
113,196,7,0,214
120,196,7,0,214
127,196,7,0,214
134,196,7,0,214
141,196,7,0,214
148,196,7,0,214
155,196,7,0,214
162,196,7,0,214
169,196,7,0,214
176,196,7,0,214
183,196,7,0,214
190,196,7,0,214
197,196,7,0,214
204,196,7,0,214
211,196,7,0,214
218,196,7,0,214
225,196,7,0,214
232,196,7,0,214
239,196,7,0,214
246,196,7,0,214
253,196,7,0,214
260,196,7,0,214
267,196,7,0,214
274,196,7,0,214
281,196,7,0,214
288,196,7,0,214
295,196,7,0,214
302,196,7,0,214
309,196,7,0,214
316,196,7,0,214
323,196,7,0,214
330,196,7,0,214
337,196,7,0,214
344,196,7,0,214
351,196,7,0,214
358,196,7,0,214
365,196,7,0,214
372,196,7,0,214
379,196,7,0,214
386,196,7,0,214
393,196,7,0,214
400,196,7,0,214
407,196,7,0,214
414,196,7,0,214
421,196,7,0,214
428,196,7,0,214
435,196,7,0,214
442,196,7,0,214
449,196,7,0,214
456,196,7,0,214
463,196,7,0,214
470,196,7,0,214
477,196,7,0,214
484,196,7,0,214
491,196,7,0,214
498,196,7,0,214
505,196,7,0,214
512,196,7,0,214
519,196,7,0,214
526,196,7,0,214
533,196,7,0,214
540,196,7,0,214
547,196,7,0,214
554,196,7,0,214
561,196,7,0,214
568,196,7,0,214
575,196,7,0,214
582,196,7,0,214
589,196,7,0,214
596,196,7,0,214
603,196,7,0,214
610,196,7,0,214
617,196,7,0,214
624,196,7,0,214
631,196,7,0,214
638,196,7,0,214
645,196,7,0,214
652,196,7,0,214
659,196,7,0,214
666,196,7,0,214
673,196,7,0,214
680,196,7,0,214
687,196,7,0,214
694,196,7,0,214
701,196,7,0,214
708,196,7,0,214
715,196,7,0,214
722,196,7,0,214
729,196,7,0,214
736,196,7,0,214
743,196,7,0,214
750,196,7,0,214
757,196,7,0,214
764,196,7,0,214
771,196,7,0,214
764,202,-7,6,214
757,208,-7,6,214
750,214,-7,6,214
743,220,-7,6,214
736,226,-7,6,214
729,232,-7,6,214
722,238,-7,6,214
715,244,-7,6,214
708,250,-7,6,214
701,256,-7,6,214
694,262,-7,6,214
687,268,-7,6,214
680,274,-7,6,214
673,280,-7,6,214
666,286,-7,6,214
659,292,-7,6,214
652,298,-7,6,214
645,304,-7,6,214
638,310,-7,6,214
631,316,-7,6,214
624,322,-7,6,214
617,328,-7,6,214
610,334,-7,6,214
603,340,-7,6,214
596,346,-7,6,214
589,352,-7,6,214
582,358,-7,6,214
575,364,-7,6,214
568,370,-7,6,214
561,376,-7,6,214
554,382,-7,6,214
547,388,-7,6,214
540,394,-7,6,214
533,400,-7,6,214
526,406,-7,6,214
519,400,-7,-6,214
512,394,-7,-6,214
505,388,-7,-6,214
498,382,-7,-6,214
491,376,-7,-6,214
484,370,-7,-6,214
477,364,-7,-6,214
470,358,-7,-6,214
463,352,-7,-6,214
456,346,-7,-6,214
449,340,-7,-6,214
442,334,-7,-6,214
435,328,-7,-6,214
428,322,-7,-6,214
421,316,-7,-6,214
414,310,-7,-6,214
407,304,-7,-6,214
400,298,-7,-6,214
393,292,-7,-6,214
386,286,-7,-6,214
379,280,-7,-6,214
372,274,-7,-6,214
365,268,-7,-6,214
358,262,-7,-6,214
351,256,-7,-6,214
344,250,-7,-6,214
337,244,-7,-6,214
330,238,-7,-6,214
323,232,-7,-6,214
316,226,-7,-6,214
309,220,-7,-6,214
302,214,-7,-6,214
295,208,-7,-6,214
288,202,-7,-6,214
281,196,-7,-6,214
274,190,-7,-6,214
267,184,-7,-6,214
260,178,-7,-6,214
253,172,-7,-6,214
246,166,-7,-6,214
239,160,-7,-6,214
232,154,-7,-6,214
225,148,-7,-6,214
218,142,-7,-6,214
211,136,-7,-6,214
204,130,-7,-6,214
197,124,-7,-6,214
190,118,-7,-6,214
183,112,-7,-6,214
176,106,-7,-6,214
169,100,-7,-6,214
162,94,-7,-6,214
155,88,-7,-6,214
148,82,-7,-6,214
141,76,-7,-6,214
134,70,-7,-6,214
127,64,-7,-6,214
120,58,-7,-6,214
113,52,-7,-6,214
106,46,-7,-6,214
99,40,-7,-6,214
92,34,-7,-6,214
85,28,-7,-6,214
78,22,-7,-6,214
71,16,-7,-6,214
64,10,-7,-6,214
57,4,-7,-6,214
50,-2,-7,-6,214
43,4,-7,6,214
36,10,-7,6,214
29,16,-7,6,214
22,22,-7,6,214
15,28,-7,6,214
8,34,-7,6,214
1,40,-7,6,214
-6,46,-7,6,214
1,52,7,6,214
8,58,7,6,214
15,64,7,6,214
22,70,7,6,214
29,76,7,6,214
36,82,7,6,214
43,88,7,6,214
50,94,7,6,214
57,100,7,6,214
64,106,7,6,214
71,112,7,6,214
78,118,7,6,214
85,124,7,6,214
92,130,7,6,214
99,136,7,6,214
106,142,7,6,214
113,148,7,6,214
120,154,7,6,214
127,160,7,6,214
134,166,7,6,214
141,172,7,6,214
148,178,7,6,214
155,184,7,6,214
162,190,7,6,214
169,196,7,6,214
176,202,7,6,214
183,208,7,6,214
190,214,7,6,214
197,220,7,6,214
204,226,7,6,214
211,232,7,6,214
218,238,7,6,214
225,244,7,6,214
232,250,7,6,214
239,256,7,6,214
246,262,7,6,214
253,268,7,6,214
260,274,7,6,214
267,280,7,6,214
274,286,7,6,214
281,292,7,6,214
288,298,7,6,214
295,304,7,6,214
302,310,7,6,214
309,316,7,6,214
316,322,7,6,214
323,328,7,6,214
330,334,7,6,214
337,340,7,6,214
344,346,7,6,214
351,352,7,6,214
358,358,7,6,214
365,364,7,6,214
372,370,7,6,214
379,376,7,6,214
386,382,7,6,214
393,388,7,6,214
400,394,7,6,214
407,400,7,6,214
414,406,7,6,214
421,400,7,-6,214
428,394,7,-6,214
435,388,7,-6,214
442,382,7,-6,214
449,376,7,-6,214
456,370,7,-6,214
463,364,7,-6,214
470,358,7,-6,214
477,352,7,-6,214
484,346,7,-6,214
491,340,7,-6,214
498,334,7,-6,214
505,328,7,-6,214
512,322,7,-6,214
519,316,7,-6,214
526,310,7,-6,214
533,304,7,-6,214
540,298,7,-6,214
547,292,7,-6,214
554,286,7,-6,214
561,280,7,-6,214
568,274,7,-6,214
575,268,7,-6,214
582,262,7,-6,214
589,256,7,-6,214
596,250,7,-6,214
603,244,7,-6,214
610,238,7,-6,214
617,232,7,-6,214
624,226,7,-6,214
631,220,7,-6,214
638,214,7,-6,213
645,208,7,-6,209
652,202,7,-6,199
659,196,7,-6,185
666,190,7,-6,172
673,184,7,-6,163
680,178,7,-6,156
687,172,7,-6,151
694,166,7,-6,146
701,160,7,-6,143
708,154,7,-6,139
715,148,7,-6,134
722,142,7,-6,129
729,136,7,-6,125
736,130,7,-6,123
743,124,7,-6,122
750,118,7,-6,121
757,112,7,-6,120
764,106,7,-6,120
771,100,7,-6,120
764,107,-7,7,120
757,114,-7,7,119
750,121,-7,7,118
743,128,-7,7,117
736,135,-7,7,116
729,142,-7,7,115
722,149,-7,7,114
715,156,-7,7,114
708,163,-7,7,114
701,170,-7,7,114
694,177,-7,7,114
687,184,-7,7,114
680,191,-7,7,114
673,198,-7,7,114
666,205,-7,7,114
659,212,-7,7,114
652,219,-7,7,114
645,226,-7,7,114
638,233,-7,7,114
631,240,-7,7,114
624,247,-7,7,114
617,254,-7,7,114
610,261,-7,7,114
603,268,-7,7,114
596,275,-7,7,114
589,282,-7,7,114
582,289,-7,7,114
575,296,-7,7,114
568,303,-7,7,114
561,310,-7,7,114
554,317,-7,7,114
547,324,-7,7,114
540,331,-7,7,114
533,338,-7,7,114
526,345,-7,7,114
519,352,-7,7,114
512,359,-7,7,114
505,366,-7,7,114
498,373,-7,7,114
491,380,-7,7,114
484,387,-7,7,114
477,394,-7,7,114
470,401,-7,7,114
463,394,-7,-7,114
456,387,-7,-7,114
449,380,-7,-7,114
442,373,-7,-7,114
435,366,-7,-7,114
428,359,-7,-7,114
421,352,-7,-7,114
414,345,-7,-7,114
407,338,-7,-7,114
400,331,-7,-7,114
393,324,-7,-7,114
386,317,-7,-7,114
379,310,-7,-7,114
372,303,-7,-7,114
365,296,-7,-7,114
358,289,-7,-7,114
351,282,-7,-7,114
344,275,-7,-7,114
337,268,-7,-7,114
330,261,-7,-7,114
323,254,-7,-7,114
316,247,-7,-7,114
309,240,-7,-7,114
302,233,-7,-7,114
295,226,-7,-7,114
288,219,-7,-7,114
281,212,-7,-7,114
274,205,-7,-7,114
267,198,-7,-7,114
260,191,-7,-7,114
253,184,-7,-7,114
246,177,-7,-7,114
239,170,-7,-7,114
232,163,-7,-7,114
225,156,-7,-7,114
218,149,-7,-7,114
211,142,-7,-7,114
204,135,-7,-7,114
197,128,-7,-7,114
190,121,-7,-7,114
183,114,-7,-7,114
176,107,-7,-7,114
169,100,-7,-7,114
162,93,-7,-7,114
155,86,-7,-7,114
148,79,-7,-7,114
141,72,-7,-7,114
134,65,-7,-7,114
127,58,-7,-7,114
120,51,-7,-7,114
113,44,-7,-7,114
106,37,-7,-7,114
99,30,-7,-7,114
92,23,-7,-7,114
85,16,-7,-7,114
78,9,-7,-7,114
71,2,-7,-7,114
64,-5,-7,-7,114
57,2,-7,7,114
50,9,-7,7,114
43,16,-7,7,114
36,23,-7,7,114
29,30,-7,7,114
22,37,-7,7,114
15,44,-7,7,114
8,51,-7,7,114
1,58,-7,7,114
-6,65,-7,7,114
1,72,7,7,114
8,79,7,7,114
15,86,7,7,114
22,93,7,7,114
29,100,7,7,114
36,107,7,7,114
43,114,7,7,114
50,121,7,7,114
57,128,7,7,114
64,135,7,7,114
71,142,7,7,114
78,149,7,7,114
85,156,7,7,114
92,163,7,7,114
99,170,7,7,114
106,177,7,7,114
113,184,7,7,114
120,191,7,7,114
127,198,7,7,114
134,205,7,7,114
141,212,7,7,114
148,219,7,7,114
155,226,7,7,114
162,233,7,7,114
169,240,7,7,114
176,247,7,7,114
183,254,7,7,114
190,261,7,7,114
197,268,7,7,114
204,275,7,7,115
211,282,7,7,116
218,289,7,7,117
225,296,7,7,118
232,303,7,7,118
239,310,7,7,119
246,317,7,7,119
253,324,7,7,119
260,331,7,7,119
267,338,7,7,119
274,345,7,7,119
281,352,7,7,119
288,359,7,7,120
295,366,7,7,120
302,373,7,7,122
309,380,7,7,125
316,387,7,7,129
323,394,7,7,134
330,401,7,7,139
337,394,7,-7,144
344,387,7,-7,149
351,380,7,-7,153
358,373,7,-7,157
365,366,7,-7,160
372,359,7,-7,165
379,352,7,-7,170
386,345,7,-7,175
393,338,7,-7,178
400,331,7,-7,181
407,324,7,-7,182
414,317,7,-7,183
421,310,7,-7,184
428,303,7,-7,184
435,296,7,-7,184
442,289,7,-7,184
449,282,7,-7,183
456,275,7,-7,180
463,268,7,-7,175
470,261,7,-7,170
477,254,7,-7,165
484,247,7,-7,161
491,240,7,-7,156
498,233,7,-7,149
505,226,7,-7,139
512,219,7,-7,128
519,212,7,-7,118
526,205,7,-7,112
533,198,7,-7,108
540,191,7,-7,105
547,184,7,-7,102
554,177,7,-7,100
561,170,7,-7,98
568,163,7,-7,97
575,156,7,-7,94
582,149,7,-7,91
589,142,7,-7,89
596,135,7,-7,86
603,128,7,-7,83
610,121,7,-7,80
617,114,7,-7,77
624,107,7,-7,73
631,100,7,-7,70
638,93,7,-7,66
645,86,7,-7,62
652,79,7,-7,59
659,72,7,-7,55
666,65,7,-7,51
673,58,7,-7,47
680,51,7,-7,43
687,44,7,-7,39
694,37,7,-7,35
701,30,7,-7,31
708,23,7,-7,28
715,16,7,-7,24
722,9,7,-7,22
729,2,7,-7,21
736,-5,7,-7,20
743,2,7,7,20
750,9,7,7,20
757,16,7,7,20
764,23,7,7,20
771,30,7,7,20
764,35,-7,5,21
757,40,-7,5,22
750,45,-7,5,23
743,50,-7,5,24
736,55,-7,5,25
729,60,-7,5,26
722,65,-7,5,27
715,70,-7,5,28
708,75,-7,5,29
701,80,-7,5,30
694,85,-7,5,32
687,90,-7,5,36
680,95,-7,5,39
673,100,-7,5,41
666,105,-7,5,43
659,110,-7,5,45
652,115,-7,5,49
645,120,-7,5,52
638,125,-7,5,56
631,130,-7,5,61
624,135,-7,5,67
617,140,-7,5,74
610,145,-7,5,82
603,150,-7,5,93
596,155,-7,5,107
589,160,-7,5,125
582,165,-7,5,142
575,170,-7,5,142
568,175,-7,5,162
561,180,-7,5,209
554,185,-7,5,232
547,190,-7,5,247
540,195,-7,5,259
533,200,-7,5,265
526,205,-7,5,267
519,210,-7,5,268
512,215,-7,5,270
505,220,-7,5,271
498,225,-7,5,273
491,230,-7,5,274
484,235,-7,5,275
477,240,-7,5,276
470,245,-7,5,277
463,250,-7,5,278
456,255,-7,5,279
449,260,-7,5,280
442,265,-7,5,281
435,270,-7,5,281
428,275,-7,5,281
421,280,-7,5,281
414,285,-7,5,281
407,290,-7,5,281
400,295,-7,5,281
393,300,-7,5,281
386,305,-7,5,281
379,310,-7,5,281
372,315,-7,5,281
365,320,-7,5,281
358,325,-7,5,281
351,330,-7,5,281
344,335,-7,5,281
337,340,-7,5,281
330,345,-7,5,281
323,350,-7,5,280
316,355,-7,5,279
309,360,-7,5,278
302,365,-7,5,278
295,370,-7,5,278
288,375,-7,5,278
281,380,-7,5,278
274,385,-7,5,278
267,390,-7,5,278
260,395,-7,5,278
253,400,-7,5,278
246,405,-7,5,278
239,400,-7,-5,278
232,395,-7,-5,278
225,390,-7,-5,278
218,385,-7,-5,278
211,380,-7,-5,278
204,375,-7,-5,278
197,370,-7,-5,278
190,365,-7,-5,278
183,360,-7,-5,278
176,355,-7,-5,278
169,350,-7,-5,278
162,345,-7,-5,278
155,340,-7,-5,278
148,335,-7,-5,278
141,330,-7,-5,278
134,325,-7,-5,278
127,320,-7,-5,278
120,315,-7,-5,278
113,310,-7,-5,278
106,305,-7,-5,278
99,300,-7,-5,278
92,295,-7,-5,278
85,290,-7,-5,278
78,285,-7,-5,278
71,280,-7,-5,278
64,275,-7,-5,278
57,270,-7,-5,278
50,265,-7,-5,278
43,260,-7,-5,278
36,255,-7,-5,278
29,250,-7,-5,278
22,245,-7,-5,278
15,240,-7,-5,278
8,235,-7,-5,278
1,230,-7,-5,278
-6,225,-7,-5,278
1,220,7,-5,278
8,215,7,-5,278
15,210,7,-5,278
22,205,7,-5,278
29,200,7,-5,278
36,195,7,-5,278
43,190,7,-5,278
50,185,7,-5,278
57,180,7,-5,278
64,175,7,-5,278
71,170,7,-5,278
78,165,7,-5,278
85,160,7,-5,278
92,155,7,-5,278
99,150,7,-5,278
106,145,7,-5,278
113,140,7,-5,278
120,135,7,-5,278
127,130,7,-5,278
134,125,7,-5,278
141,120,7,-5,278
148,115,7,-5,278
155,110,7,-5,278
162,105,7,-5,278
169,100,7,-5,278
176,95,7,-5,278
183,90,7,-5,278
190,85,7,-5,278
197,80,7,-5,278
204,75,7,-5,278
211,70,7,-5,278
218,65,7,-5,278
225,60,7,-5,278
232,55,7,-5,278
239,50,7,-5,278
246,45,7,-5,278
253,40,7,-5,278
260,35,7,-5,278
267,30,7,-5,278
274,25,7,-5,278
281,20,7,-5,278
288,15,7,-5,278
295,10,7,-5,278
302,5,7,-5,278
309,0,7,-5,278
316,-5,7,-5,278
323,0,7,5,278
330,5,7,5,278
337,10,7,5,278
344,15,7,5,278
351,20,7,5,278
358,25,7,5,278
365,30,7,5,278
372,35,7,5,278
379,40,7,5,278
386,45,7,5,278
393,50,7,5,278
400,55,7,5,278
407,60,7,5,278
414,65,7,5,278
421,70,7,5,278
428,75,7,5,278
435,80,7,5,278
442,85,7,5,278
449,90,7,5,278
456,95,7,5,278
463,100,7,5,278
470,105,7,5,278
477,110,7,5,278
484,115,7,5,278
491,120,7,5,278
498,125,7,5,278
505,130,7,5,278
512,135,7,5,278
519,140,7,5,278
526,145,7,5,278
533,150,7,5,279
540,155,7,5,280
547,160,7,5,281
554,165,7,5,281
561,170,7,5,283
568,175,7,5,284
575,180,7,5,285
582,185,7,5,286
589,190,7,5,287
596,195,7,5,288
603,200,7,5,289
610,205,7,5,291
617,210,7,5,292
624,215,7,5,294
631,220,7,5,295
638,225,7,5,296
645,230,7,5,298
652,235,7,5,299
659,240,7,5,300
666,245,7,5,301
673,250,7,5,302
680,255,7,5,303
687,260,7,5,304
694,265,7,5,306
701,270,7,5,308
708,275,7,5,311
715,280,7,5,314
722,285,7,5,318
729,290,7,5,323
736,295,7,5,327
743,300,7,5,331
750,305,7,5,333
757,310,7,5,336
764,315,7,5,339
771,320,7,5,340
764,315,-7,-5,341
757,310,-7,-5,342
750,305,-7,-5,343
743,300,-7,-5,344
736,295,-7,-5,345
729,290,-7,-5,345
722,285,-7,-5,345
715,280,-7,-5,345
708,275,-7,-5,345
701,270,-7,-5,345
694,265,-7,-5,345
687,260,-7,-5,345
680,255,-7,-5,345
673,250,-7,-5,345
666,245,-7,-5,345
659,240,-7,-5,345
652,235,-7,-5,345
645,230,-7,-5,345
638,225,-7,-5,345
631,220,-7,-5,345
624,215,-7,-5,345
617,210,-7,-5,345
610,205,-7,-5,345
603,200,-7,-5,345
596,195,-7,-5,345
589,190,-7,-5,345
582,185,-7,-5,345
575,180,-7,-5,345
568,175,-7,-5,345
561,170,-7,-5,345
554,165,-7,-5,345
547,160,-7,-5,345
540,155,-7,-5,345
533,150,-7,-5,345
526,145,-7,-5,345
519,140,-7,-5,345
512,135,-7,-5,345
505,130,-7,-5,345
498,125,-7,-5,345
491,120,-7,-5,345
484,115,-7,-5,345
477,110,-7,-5,345
470,105,-7,-5,345
463,100,-7,-5,345
456,95,-7,-5,345
449,90,-7,-5,345
442,85,-7,-5,345
435,80,-7,-5,345
428,75,-7,-5,345
421,70,-7,-5,345
414,65,-7,-5,345
407,60,-7,-5,345
400,55,-7,-5,345
393,50,-7,-5,345
386,45,-7,-5,345
379,40,-7,-5,345
372,35,-7,-5,345
365,30,-7,-5,345
358,25,-7,-5,345
351,20,-7,-5,345
344,15,-7,-5,345
337,10,-7,-5,345
330,5,-7,-5,345
323,0,-7,-5,345
316,-5,-7,-5,345
309,0,-7,5,345
302,5,-7,5,345
295,10,-7,5,345
288,15,-7,5,345
281,20,-7,5,345
274,25,-7,5,345
267,30,-7,5,345
260,35,-7,5,345
253,40,-7,5,345
246,45,-7,5,345
239,50,-7,5,345
232,55,-7,5,345
225,60,-7,5,345
218,65,-7,5,345
211,70,-7,5,345
204,75,-7,5,345
197,80,-7,5,345
190,85,-7,5,345
183,90,-7,5,345
176,95,-7,5,345
169,100,-7,5,345
162,105,-7,5,345
155,110,-7,5,345
148,115,-7,5,345
141,120,-7,5,345
134,125,-7,5,345
127,130,-7,5,345
120,135,-7,5,345
113,140,-7,5,345
106,145,-7,5,345
99,150,-7,5,345
92,155,-7,5,345
85,160,-7,5,345
78,165,-7,5,345
71,170,-7,5,345
64,175,-7,5,345
57,180,-7,5,345
50,185,-7,5,345
43,190,-7,5,345
36,195,-7,5,345
29,200,-7,5,345
22,205,-7,5,345
15,210,-7,5,345
8,215,-7,5,345
1,220,-7,5,345
-6,225,-7,5,345
1,230,7,5,345
8,235,7,5,345
15,240,7,5,345
22,245,7,5,345
29,250,7,5,345
36,255,7,5,345
43,260,7,5,345
50,265,7,5,345
57,270,7,5,345
64,275,7,5,345
71,280,7,5,345
78,285,7,5,345
85,290,7,5,345
92,295,7,5,345
99,300,7,5,345
106,305,7,5,345
113,310,7,5,345
120,315,7,5,345
127,320,7,5,345
134,325,7,5,345
141,330,7,5,345
148,335,7,5,345
155,340,7,5,345
162,345,7,5,345
169,350,7,5,345
176,355,7,5,345
183,360,7,5,345
190,365,7,5,345
197,370,7,5,345
204,375,7,5,345
211,380,7,5,345
218,385,7,5,345
225,390,7,5,345
232,395,7,5,345
239,400,7,5,345
246,405,7,5,345
253,400,7,-5,345
260,395,7,-5,345
267,390,7,-5,344
274,385,7,-5,344
281,380,7,-5,341
288,375,7,-5,336
295,370,7,-5,330
302,365,7,-5,322
309,360,7,-5,315
316,355,7,-5,307
323,350,7,-5,301
330,345,7,-5,295
337,340,7,-5,290
344,335,7,-5,285
351,330,7,-5,280
358,325,7,-5,275
365,320,7,-5,269
372,315,7,-5,263
379,310,7,-5,257
386,305,7,-5,252
393,300,7,-5,247
400,295,7,-5,243
407,290,7,-5,238
414,285,7,-5,233
421,280,7,-5,229
428,275,7,-5,225
435,270,7,-5,222
442,265,7,-5,217
449,260,7,-5,212
456,255,7,-5,209
463,250,7,-5,207
470,245,7,-5,203
477,240,7,-5,198
484,235,7,-5,194
491,230,7,-5,190
498,225,7,-5,188
505,220,7,-5,184
512,215,7,-5,180
519,210,7,-5,177
526,205,7,-5,175
533,200,7,-5,174
540,195,7,-5,174
547,190,7,-5,174
554,185,7,-5,174
561,180,7,-5,174
568,175,7,-5,174
575,170,7,-5,173
582,165,7,-5,171
589,160,7,-5,170
596,155,7,-5,167
603,150,7,-5,164
610,145,7,-5,160
617,140,7,-5,156
624,135,7,-5,151
631,130,7,-5,148
638,125,7,-5,146
645,120,7,-5,142
652,115,7,-5,137
659,110,7,-5,131
666,105,7,-5,121
673,100,7,-5,106
680,95,7,-5,92
687,90,7,-5,87
694,85,7,-5,84
701,80,7,-5,82
708,75,7,-5,80
715,70,7,-5,78
722,65,7,-5,76
729,60,7,-5,74
736,55,7,-5,71
743,50,7,-5,68
750,45,7,-5,66
757,40,7,-5,64
764,35,7,-5,62
771,30,7,-5,60
764,33,-7,3,59
757,36,-7,3,58
750,39,-7,3,57
743,42,-7,3,57
736,45,-7,3,57
729,48,-7,3,57
722,51,-7,3,57
715,54,-7,3,57
708,57,-7,3,57
701,60,-7,3,57
694,63,-7,3,57
687,66,-7,3,57
680,69,-7,3,57
673,72,-7,3,57
666,75,-7,3,57
659,78,-7,3,58
652,81,-7,3,59
645,84,-7,3,60
638,87,-7,3,61
631,90,-7,3,62
624,93,-7,3,64
617,96,-7,3,68
610,99,-7,3,73
603,102,-7,3,79
596,105,-7,3,87
589,108,-7,3,95
582,111,-7,3,105
575,114,-7,3,115
568,117,-7,3,126
561,120,-7,3,138
554,123,-7,3,149
547,126,-7,3,163
540,129,-7,3,178
533,132,-7,3,191
526,135,-7,3,201
519,138,-7,3,211
512,141,-7,3,218
505,144,-7,3,222
498,147,-7,3,225
491,150,-7,3,227
484,153,-7,3,229
477,156,-7,3,230
470,159,-7,3,231
463,162,-7,3,233
456,165,-7,3,234
449,168,-7,3,235
442,171,-7,3,236
435,174,-7,3,236
428,177,-7,3,236
421,180,-7,3,236
414,183,-7,3,236
407,186,-7,3,236
400,189,-7,3,236
393,192,-7,3,235
386,195,-7,3,235
379,198,-7,3,235
372,201,-7,3,235
365,204,-7,3,235
358,207,-7,3,235
351,210,-7,3,235
344,213,-7,3,235
337,216,-7,3,235
330,219,-7,3,235
323,222,-7,3,235
316,225,-7,3,235
309,228,-7,3,235
302,231,-7,3,235
295,234,-7,3,235
288,237,-7,3,235
281,240,-7,3,235
274,243,-7,3,235
267,246,-7,3,235
260,249,-7,3,235
253,252,-7,3,235
246,255,-7,3,235
239,258,-7,3,235
232,261,-7,3,235
225,264,-7,3,235
218,267,-7,3,235
211,270,-7,3,235
204,273,-7,3,235
197,276,-7,3,235
190,279,-7,3,235
183,282,-7,3,235
176,285,-7,3,235
169,288,-7,3,235
162,291,-7,3,235
155,294,-7,3,236
148,297,-7,3,236
141,300,-7,3,236
134,303,-7,3,236
127,306,-7,3,237
120,309,-7,3,237
113,312,-7,3,237
106,315,-7,3,237
99,318,-7,3,238
92,321,-7,3,238
85,324,-7,3,238
78,327,-7,3,239
71,330,-7,3,240
64,333,-7,3,240
57,336,-7,3,241
50,339,-7,3,242
43,342,-7,3,243
36,345,-7,3,244
29,348,-7,3,246
22,351,-7,3,247
15,354,-7,3,248
8,357,-7,3,249
1,360,-7,3,251
-6,363,-7,3,252
1,366,7,3,253
8,369,7,3,254
15,372,7,3,255
22,375,7,3,255
29,378,7,3,256
36,381,7,3,257
43,384,7,3,258
50,387,7,3,259
57,390,7,3,260
64,393,7,3,261
71,396,7,3,262
78,399,7,3,263
85,402,7,3,264
92,399,7,-3,264
99,396,7,-3,264
106,393,7,-3,264
113,390,7,-3,264
120,387,7,-3,265
127,384,7,-3,266
134,381,7,-3,266
141,378,7,-3,267
148,375,7,-3,267
155,372,7,-3,267
162,369,7,-3,268
169,366,7,-3,269
176,363,7,-3,270
183,360,7,-3,271
190,357,7,-3,272
197,354,7,-3,273
204,351,7,-3,274
211,348,7,-3,274
218,345,7,-3,275
225,342,7,-3,276
232,339,7,-3,277
239,336,7,-3,278
246,333,7,-3,279
253,330,7,-3,279
260,327,7,-3,279
267,324,7,-3,279
274,321,7,-3,279
281,318,7,-3,279
288,315,7,-3,279
295,312,7,-3,278
302,309,7,-3,277
309,306,7,-3,276
316,303,7,-3,273
323,300,7,-3,270
330,297,7,-3,268
337,294,7,-3,265
344,291,7,-3,263
351,288,7,-3,261
358,285,7,-3,259
365,282,7,-3,257
372,279,7,-3,255
379,276,7,-3,253
386,273,7,-3,251
393,270,7,-3,249
400,267,7,-3,247
407,264,7,-3,244
414,261,7,-3,242
421,258,7,-3,239
428,255,7,-3,235
435,252,7,-3,229
442,249,7,-3,226
449,246,7,-3,224
456,243,7,-3,223
463,240,7,-3,222
470,237,7,-3,221
477,234,7,-3,219
484,231,7,-3,218
491,228,7,-3,217
498,225,7,-3,216
505,222,7,-3,214
512,219,7,-3,212
519,216,7,-3,211
526,213,7,-3,209
533,210,7,-3,206
540,207,7,-3,203
547,204,7,-3,200
554,201,7,-3,197
561,198,7,-3,195
568,195,7,-3,192
575,192,7,-3,189
582,189,7,-3,185
589,186,7,-3,180
596,183,7,-3,175
603,180,7,-3,171
610,177,7,-3,167
617,174,7,-3,164
624,171,7,-3,161
631,168,7,-3,159
638,165,7,-3,158
645,162,7,-3,157
652,159,7,-3,155
659,156,7,-3,153
666,153,7,-3,151
673,150,7,-3,148
680,147,7,-3,146
687,144,7,-3,143
694,141,7,-3,141
701,138,7,-3,138
708,135,7,-3,134
715,132,7,-3,131
722,129,7,-3,128
729,126,7,-3,126
736,123,7,-3,124
743,120,7,-3,121
750,117,7,-3,119
757,114,7,-3,118
764,111,7,-3,117
771,108,7,-3,116
764,114,-7,6,116
757,120,-7,6,115
750,126,-7,6,114
743,132,-7,6,113
736,138,-7,6,112
729,144,-7,6,111
722,150,-7,6,111
715,156,-7,6,111
708,162,-7,6,111
701,168,-7,6,111
694,174,-7,6,111
687,180,-7,6,111
680,186,-7,6,111
673,192,-7,6,111
666,198,-7,6,111
659,204,-7,6,111
652,210,-7,6,111
645,216,-7,6,111
638,222,-7,6,112
631,228,-7,6,113
624,234,-7,6,114
617,240,-7,6,116
610,246,-7,6,120
603,252,-7,6,125
596,258,-7,6,132
589,264,-7,6,142
582,270,-7,6,157
575,276,-7,6,183
568,282,-7,6,215
561,288,-7,6,243
554,294,-7,6,270
547,300,-7,6,286
540,306,-7,6,296
533,312,-7,6,301
526,318,-7,6,303
519,324,-7,6,304
512,330,-7,6,305
505,336,-7,6,305
498,342,-7,6,305
491,348,-7,6,305
484,354,-7,6,305
477,360,-7,6,305
470,366,-7,6,305
463,372,-7,6,305
456,378,-7,6,305
449,384,-7,6,305
442,390,-7,6,305
435,396,-7,6,305
428,402,-7,6,305
421,396,-7,-6,305
414,390,-7,-6,305
407,384,-7,-6,305
400,378,-7,-6,305
393,372,-7,-6,305
386,366,-7,-6,305
379,360,-7,-6,305
372,354,-7,-6,305
365,348,-7,-6,305
358,342,-7,-6,305
351,336,-7,-6,305
344,330,-7,-6,305
337,324,-7,-6,305
330,318,-7,-6,305
323,312,-7,-6,305
316,306,-7,-6,305
309,300,-7,-6,305
302,294,-7,-6,305
295,288,-7,-6,305
288,282,-7,-6,305
281,276,-7,-6,305
274,270,-7,-6,305
267,264,-7,-6,305
260,258,-7,-6,305
253,252,-7,-6,305
246,246,-7,-6,305
239,240,-7,-6,305
232,234,-7,-6,305
225,228,-7,-6,305
218,222,-7,-6,305
211,216,-7,-6,305
204,210,-7,-6,305
197,204,-7,-6,305
190,198,-7,-6,305
183,192,-7,-6,305
176,186,-7,-6,305
169,180,-7,-6,305
162,174,-7,-6,305
155,168,-7,-6,305
148,162,-7,-6,305
141,156,-7,-6,305
134,150,-7,-6,305
127,144,-7,-6,305
120,138,-7,-6,305
113,132,-7,-6,305
106,126,-7,-6,305
99,120,-7,-6,305
92,114,-7,-6,305
85,108,-7,-6,305
78,102,-7,-6,305
71,96,-7,-6,305
64,90,-7,-6,305
57,84,-7,-6,305
50,78,-7,-6,305
43,72,-7,-6,305
36,66,-7,-6,305
29,60,-7,-6,305
22,54,-7,-6,305
15,48,-7,-6,305
8,42,-7,-6,305
1,36,-7,-6,305
-6,30,-7,-6,305
1,24,7,-6,305
8,18,7,-6,305
15,12,7,-6,305
22,6,7,-6,305
29,0,7,-6,305
36,-6,7,-6,305
43,0,7,6,305
50,6,7,6,305
57,12,7,6,305
64,18,7,6,305
71,24,7,6,305
78,30,7,6,305
85,36,7,6,305
92,42,7,6,305
99,48,7,6,305
106,54,7,6,305
113,60,7,6,305
120,66,7,6,305
127,72,7,6,305
134,78,7,6,305
141,84,7,6,305
148,90,7,6,305
155,96,7,6,305
162,102,7,6,305
169,108,7,6,305
176,114,7,6,305
183,120,7,6,305
190,126,7,6,305
197,132,7,6,305
204,138,7,6,305
211,144,7,6,305
218,150,7,6,305
225,156,7,6,305
232,162,7,6,305
239,168,7,6,305
246,174,7,6,305
253,180,7,6,305
260,186,7,6,305
267,192,7,6,305
274,198,7,6,305
281,204,7,6,305
288,210,7,6,305
295,216,7,6,305
302,222,7,6,305
309,228,7,6,305
316,234,7,6,305
323,240,7,6,305
330,246,7,6,301
337,252,7,6,295
344,258,7,6,287
351,264,7,6,279
358,270,7,6,271
365,276,7,6,264
372,282,7,6,258
379,288,7,6,251
386,294,7,6,246
393,300,7,6,240
400,306,7,6,237
407,312,7,6,235
414,318,7,6,234
421,324,7,6,233
428,330,7,6,231
435,336,7,6,230
442,342,7,6,229
449,348,7,6,228
456,354,7,6,228
463,360,7,6,226
470,366,7,6,225
477,372,7,6,224
484,378,7,6,223
491,384,7,6,222
498,390,7,6,222
505,396,7,6,221
512,402,7,6,220
519,396,7,-6,220
526,390,7,-6,219
533,384,7,-6,219
540,378,7,-6,218
547,372,7,-6,218
554,366,7,-6,218
561,360,7,-6,218
568,354,7,-6,218
575,348,7,-6,218
582,342,7,-6,218
589,336,7,-6,218
596,330,7,-6,218
603,324,7,-6,218
610,318,7,-6,218
617,312,7,-6,218
624,306,7,-6,218
631,300,7,-6,219
638,294,7,-6,221
645,288,7,-6,222
652,282,7,-6,224
659,276,7,-6,225
666,270,7,-6,226
673,264,7,-6,226
680,258,7,-6,226
687,252,7,-6,226
694,246,7,-6,226
701,240,7,-6,226
708,234,7,-6,224
715,228,7,-6,222
722,222,7,-6,217
729,216,7,-6,211
736,210,7,-6,207
743,204,7,-6,204
750,198,7,-6,202
757,192,7,-6,200
764,186,7,-6,197
771,180,7,-6,192
764,187,-7,7,187
757,194,-7,7,183
750,201,-7,7,180
743,208,-7,7,177
736,215,-7,7,176
729,222,-7,7,175
722,229,-7,7,174
715,236,-7,7,174
708,243,-7,7,174
701,250,-7,7,174
694,257,-7,7,174
687,264,-7,7,174
680,271,-7,7,176
673,278,-7,7,176
666,285,-7,7,176
659,292,-7,7,176
652,299,-7,7,176
645,306,-7,7,176
638,313,-7,7,176
631,320,-7,7,176
624,327,-7,7,176
617,334,-7,7,177
610,341,-7,7,177
603,348,-7,7,178
596,355,-7,7,180
589,362,-7,7,180
582,369,-7,7,180
575,376,-7,7,180
568,383,-7,7,181
561,390,-7,7,181
554,397,-7,7,183
547,404,-7,7,184
540,397,-7,-7,184
533,390,-7,-7,185
526,383,-7,-7,185
519,376,-7,-7,186
512,369,-7,-7,186
505,362,-7,-7,187
498,355,-7,-7,188
491,348,-7,-7,188
484,341,-7,-7,189
477,334,-7,-7,190
470,327,-7,-7,190
463,320,-7,-7,189
456,313,-7,-7,189
449,306,-7,-7,189
442,299,-7,-7,189
435,292,-7,-7,189
428,285,-7,-7,189
421,278,-7,-7,189
414,271,-7,-7,189
407,264,-7,-7,189
400,257,-7,-7,189
393,250,-7,-7,189
386,243,-7,-7,189
379,236,-7,-7,189
372,229,-7,-7,189
365,222,-7,-7,189
358,215,-7,-7,189
351,208,-7,-7,189
344,201,-7,-7,189
337,194,-7,-7,189
330,187,-7,-7,189
323,180,-7,-7,189
316,173,-7,-7,189
309,166,-7,-7,189
302,159,-7,-7,189
295,152,-7,-7,189
288,145,-7,-7,191
281,138,-7,-7,192
274,131,-7,-7,192
267,124,-7,-7,191
260,117,-7,-7,191
253,110,-7,-7,191
246,103,-7,-7,191
239,96,-7,-7,191
232,89,-7,-7,191
225,82,-7,-7,191
218,75,-7,-7,191
211,68,-7,-7,191
204,61,-7,-7,190
197,54,-7,-7,190
190,47,-7,-7,190
183,40,-7,-7,190
176,33,-7,-7,190
169,26,-7,-7,190
162,19,-7,-7,190
155,12,-7,-7,190
148,5,-7,-7,190
141,-2,-7,-7,190
134,5,-7,7,190
127,12,-7,7,190
120,19,-7,7,190
113,26,-7,7,190
106,33,-7,7,190
99,40,-7,7,190
92,47,-7,7,190
85,54,-7,7,190
78,61,-7,7,190
71,68,-7,7,190
64,75,-7,7,190
57,82,-7,7,190
50,89,-7,7,190
43,96,-7,7,190
36,103,-7,7,190
29,110,-7,7,190
22,117,-7,7,190
15,124,-7,7,190
8,131,-7,7,190
1,138,-7,7,190
-6,145,-7,7,190
1,152,7,7,190
8,159,7,7,190
15,166,7,7,190
22,173,7,7,190
29,180,7,7,190
36,187,7,7,190
43,194,7,7,190
50,201,7,7,190
57,208,7,7,190
64,215,7,7,190
71,222,7,7,190
78,229,7,7,190
85,236,7,7,190
92,243,7,7,190
99,250,7,7,190
106,257,7,7,190
113,264,7,7,190
120,271,7,7,190
127,278,7,7,190
134,285,7,7,190
141,292,7,7,190
148,299,7,7,190
155,306,7,7,190
162,313,7,7,190
169,320,7,7,191
176,327,7,7,191
183,334,7,7,192
190,341,7,7,193
197,348,7,7,193
204,355,7,7,193
211,362,7,7,193
218,369,7,7,193
225,376,7,7,193
232,383,7,7,193
239,390,7,7,193
246,397,7,7,193
253,404,7,7,193
260,397,7,-7,193
267,390,7,-7,193
274,383,7,-7,193
281,376,7,-7,193
288,369,7,-7,193
295,362,7,-7,193
302,355,7,-7,193
309,348,7,-7,193
316,341,7,-7,193
323,334,7,-7,193
330,327,7,-7,193
337,320,7,-7,193
344,313,7,-7,193
351,306,7,-7,193
358,299,7,-7,193
365,292,7,-7,193
372,285,7,-7,193
379,278,7,-7,193
386,271,7,-7,193
393,264,7,-7,193
400,257,7,-7,193
407,250,7,-7,193
414,243,7,-7,193
421,236,7,-7,193
428,229,7,-7,193
435,222,7,-7,193
442,215,7,-7,193
449,208,7,-7,193
456,201,7,-7,193
463,194,7,-7,193
470,187,7,-7,192
477,180,7,-7,191
484,173,7,-7,188
491,166,7,-7,184
498,159,7,-7,179
505,152,7,-7,173
512,145,7,-7,167
519,138,7,-7,163
526,131,7,-7,160
533,124,7,-7,154
540,117,7,-7,148
547,110,7,-7,143
554,103,7,-7,138
561,96,7,-7,135
568,89,7,-7,134
575,82,7,-7,133
582,75,7,-7,133
589,68,7,-7,133
596,61,7,-7,134
603,54,7,-7,135
610,47,7,-7,136
617,40,7,-7,138
624,33,7,-7,139
631,26,7,-7,140
638,19,7,-7,140
645,12,7,-7,140
652,5,7,-7,140
659,-2,7,-7,140
666,5,7,7,140
673,12,7,7,138
680,19,7,7,138
687,26,7,7,137
694,33,7,7,133
701,40,7,7,130
708,47,7,7,126
715,54,7,7,123
722,61,7,7,121
729,68,7,7,120
736,75,7,7,119
743,82,7,7,119
750,89,7,7,119
757,96,7,7,119
764,103,7,7,120
771,110,7,7,121
764,112,-7,2,124
757,114,-7,2,127
750,116,-7,2,129
743,118,-7,2,131
736,120,-7,2,133
729,122,-7,2,135
722,124,-7,2,137
715,126,-7,2,138
708,128,-7,2,139
701,130,-7,2,140
694,132,-7,2,141
687,134,-7,2,142
680,136,-7,2,142
673,138,-7,2,143
666,140,-7,2,144
659,142,-7,2,144
652,144,-7,2,145
645,146,-7,2,145
638,148,-7,2,145
631,150,-7,2,145
624,152,-7,2,145
617,154,-7,2,145
610,156,-7,2,145
603,158,-7,2,145
596,160,-7,2,145
589,162,-7,2,145
582,164,-7,2,145
575,166,-7,2,145
568,168,-7,2,145
561,170,-7,2,145
554,172,-7,2,145
547,174,-7,2,145
540,176,-7,2,145
533,178,-7,2,145
526,180,-7,2,145
519,182,-7,2,145
512,184,-7,2,145
505,186,-7,2,145
498,188,-7,2,145
491,190,-7,2,145
484,192,-7,2,145
477,194,-7,2,145
470,196,-7,2,145
463,198,-7,2,145
456,200,-7,2,145
449,202,-7,2,145
442,204,-7,2,145
435,206,-7,2,145
428,208,-7,2,145
421,210,-7,2,145
414,212,-7,2,145
407,214,-7,2,145
400,216,-7,2,145
393,218,-7,2,145
386,220,-7,2,145
379,222,-7,2,145
372,224,-7,2,145
365,226,-7,2,145
358,228,-7,2,145
351,230,-7,2,145
344,232,-7,2,145
337,234,-7,2,145
330,236,-7,2,145
323,238,-7,2,145
316,240,-7,2,145
309,242,-7,2,145
302,244,-7,2,145
295,246,-7,2,145
288,248,-7,2,145
281,250,-7,2,145
274,252,-7,2,145
267,254,-7,2,145
260,256,-7,2,145
253,258,-7,2,145
246,260,-7,2,145
239,262,-7,2,145
232,264,-7,2,145
225,266,-7,2,145
218,268,-7,2,146
211,270,-7,2,146
204,272,-7,2,146
197,274,-7,2,147
190,276,-7,2,147
183,278,-7,2,148
176,280,-7,2,149
169,282,-7,2,150
162,284,-7,2,151
155,286,-7,2,152
148,288,-7,2,153
141,290,-7,2,153
134,292,-7,2,154
127,294,-7,2,155
120,296,-7,2,155
113,298,-7,2,156
106,300,-7,2,157
99,302,-7,2,157
92,304,-7,2,158
85,306,-7,2,158
78,308,-7,2,159
71,310,-7,2,160
64,312,-7,2,161
57,314,-7,2,162
50,316,-7,2,163
43,318,-7,2,164
36,320,-7,2,165
29,322,-7,2,166
22,324,-7,2,167
15,326,-7,2,167
8,328,-7,2,168
1,330,-7,2,169
-6,332,-7,2,171
1,334,7,2,173
8,336,7,2,178
15,338,7,2,185
22,340,7,2,197
29,342,7,2,213
36,344,7,2,231
43,346,7,2,246
50,348,7,2,261
57,350,7,2,275
64,352,7,2,287
71,354,7,2,294
78,356,7,2,300
85,358,7,2,304
92,360,7,2,308
99,362,7,2,312
106,364,7,2,315
113,366,7,2,319
120,368,7,2,322
127,370,7,2,324
134,372,7,2,326
141,374,7,2,328
148,376,7,2,329
155,378,7,2,331
162,380,7,2,334
169,382,7,2,337
176,384,7,2,339
183,386,7,2,340
190,388,7,2,341
197,390,7,2,343
204,392,7,2,344
211,394,7,2,346
218,396,7,2,347
225,398,7,2,348
232,400,7,2,349
239,402,7,2,350
246,400,7,-2,351
253,398,7,-2,351
260,396,7,-2,352
267,394,7,-2,352
274,392,7,-2,352
281,390,7,-2,352
288,388,7,-2,353
295,386,7,-2,353
302,384,7,-2,353
309,382,7,-2,353
316,380,7,-2,353
323,378,7,-2,353
330,376,7,-2,353
337,374,7,-2,353
344,372,7,-2,353
351,370,7,-2,353
358,368,7,-2,353
365,366,7,-2,353
372,364,7,-2,353
379,362,7,-2,353
386,360,7,-2,353
393,358,7,-2,353
400,356,7,-2,353
407,354,7,-2,353
414,352,7,-2,353
421,350,7,-2,353
428,348,7,-2,353
435,346,7,-2,353
442,344,7,-2,353
449,342,7,-2,353
456,340,7,-2,353
463,338,7,-2,353
470,336,7,-2,353
477,334,7,-2,353
484,332,7,-2,353
491,330,7,-2,353
498,328,7,-2,353
505,326,7,-2,353
512,324,7,-2,352
519,322,7,-2,351
526,320,7,-2,349
533,318,7,-2,347
540,316,7,-2,345
547,314,7,-2,344
554,312,7,-2,342
561,310,7,-2,341
568,308,7,-2,339
575,306,7,-2,337
582,304,7,-2,334
589,302,7,-2,331
596,300,7,-2,328
603,298,7,-2,326
610,296,7,-2,324
617,294,7,-2,323
624,292,7,-2,321
631,290,7,-2,321
638,288,7,-2,315
645,286,7,-2,311
652,284,7,-2,307
659,282,7,-2,303
666,280,7,-2,298
673,278,7,-2,292
680,276,7,-2,286
687,274,7,-2,280
694,272,7,-2,276
701,270,7,-2,272
708,268,7,-2,269
715,266,7,-2,266
722,264,7,-2,264
729,262,7,-2,263
736,260,7,-2,262
743,258,7,-2,261
750,256,7,-2,261
757,254,7,-2,260
764,252,7,-2,258
771,250,7,-2,256
764,257,-7,7,254
757,264,-7,7,253
750,271,-7,7,252
743,278,-7,7,251
736,285,-7,7,251
729,292,-7,7,251
722,299,-7,7,251
715,306,-7,7,251
708,313,-7,7,251
701,320,-7,7,251
694,327,-7,7,251
687,334,-7,7,251
680,341,-7,7,251
673,348,-7,7,251
666,355,-7,7,251
659,362,-7,7,251
652,369,-7,7,251
645,376,-7,7,251
638,383,-7,7,251
631,390,-7,7,251
624,397,-7,7,251
617,404,-7,7,251
610,397,-7,-7,251
603,390,-7,-7,251
596,383,-7,-7,251
589,376,-7,-7,251
582,369,-7,-7,251
575,362,-7,-7,251
568,355,-7,-7,251
561,348,-7,-7,251
554,341,-7,-7,251
547,334,-7,-7,251
540,327,-7,-7,251
533,320,-7,-7,251
526,313,-7,-7,251
519,306,-7,-7,251
512,299,-7,-7,251
505,292,-7,-7,251
498,285,-7,-7,251
491,278,-7,-7,251
484,271,-7,-7,251
477,264,-7,-7,251
470,257,-7,-7,251
463,250,-7,-7,251
456,243,-7,-7,251
449,236,-7,-7,251
442,229,-7,-7,251
435,222,-7,-7,251
428,215,-7,-7,251
421,208,-7,-7,251
414,201,-7,-7,251
407,194,-7,-7,251
400,187,-7,-7,251
393,180,-7,-7,251
386,173,-7,-7,251
379,166,-7,-7,251
372,159,-7,-7,251
365,152,-7,-7,251
358,145,-7,-7,251
351,138,-7,-7,251
344,131,-7,-7,251
337,124,-7,-7,251
330,117,-7,-7,251
323,110,-7,-7,251
316,103,-7,-7,251
309,96,-7,-7,251
302,89,-7,-7,251
295,82,-7,-7,251
288,75,-7,-7,251
281,68,-7,-7,251
274,61,-7,-7,251
267,54,-7,-7,251
260,47,-7,-7,251
253,40,-7,-7,251
246,33,-7,-7,251
239,26,-7,-7,251
232,19,-7,-7,251
225,12,-7,-7,251
218,5,-7,-7,251
211,-2,-7,-7,251
204,5,-7,7,251
197,12,-7,7,251
190,19,-7,7,251
183,26,-7,7,251
176,33,-7,7,251
169,40,-7,7,251
162,47,-7,7,251
155,54,-7,7,251
148,61,-7,7,251
141,68,-7,7,251
134,75,-7,7,251
127,82,-7,7,251
120,89,-7,7,251
113,96,-7,7,251
106,103,-7,7,251
99,110,-7,7,251
92,117,-7,7,251
85,124,-7,7,251
78,131,-7,7,251
71,138,-7,7,251
64,145,-7,7,251
57,152,-7,7,251
50,159,-7,7,251
43,166,-7,7,251
36,173,-7,7,251
29,180,-7,7,251
22,187,-7,7,251
15,194,-7,7,251
8,201,-7,7,251
1,208,-7,7,251
-6,215,-7,7,251
1,222,7,7,251
8,229,7,7,251
15,236,7,7,251
22,243,7,7,251
29,250,7,7,251
36,257,7,7,251
43,264,7,7,251
50,271,7,7,251
57,278,7,7,251
64,285,7,7,252
71,292,7,7,253
78,299,7,7,256
85,306,7,7,259
92,313,7,7,262
99,320,7,7,265
106,327,7,7,270
113,334,7,7,276
120,341,7,7,281
127,348,7,7,286
134,355,7,7,291
141,362,7,7,295
148,369,7,7,298
155,376,7,7,300
162,383,7,7,302
169,390,7,7,304
176,397,7,7,305
183,404,7,7,306
190,397,7,-7,306
197,390,7,-7,306
204,383,7,-7,306
211,376,7,-7,306
218,369,7,-7,306
225,362,7,-7,306
232,355,7,-7,306
239,348,7,-7,306
246,341,7,-7,306
253,334,7,-7,306
260,327,7,-7,306
267,320,7,-7,304
274,313,7,-7,301
281,306,7,-7,291
288,299,7,-7,279
295,292,7,-7,265
302,285,7,-7,250
309,278,7,-7,239
316,271,7,-7,229
323,264,7,-7,218
330,257,7,-7,209
337,250,7,-7,202
344,243,7,-7,196
351,236,7,-7,193
358,229,7,-7,190
365,222,7,-7,188
372,215,7,-7,184
379,208,7,-7,181
386,201,7,-7,179
393,194,7,-7,178
400,187,7,-7,178
407,180,7,-7,178
414,173,7,-7,178
421,166,7,-7,178
428,159,7,-7,178
435,152,7,-7,178
442,145,7,-7,178
449,138,7,-7,178
456,131,7,-7,178
463,124,7,-7,178
470,117,7,-7,178
477,110,7,-7,178
484,103,7,-7,178
491,96,7,-7,173
498,89,7,-7,165
505,82,7,-7,153
512,75,7,-7,141
519,68,7,-7,125
526,61,7,-7,113
533,54,7,-7,109
540,47,7,-7,108
547,40,7,-7,107
554,33,7,-7,107
561,26,7,-7,108
568,19,7,-7,111
575,12,7,-7,117
582,5,7,-7,122
589,-2,7,-7,127
596,5,7,7,130
603,12,7,7,132
610,19,7,7,133
617,26,7,7,134
624,33,7,7,135
631,40,7,7,135
638,47,7,7,135
645,54,7,7,134
652,61,7,7,134
659,68,7,7,133
666,75,7,7,132
673,82,7,7,131
680,89,7,7,130
687,96,7,7,130
694,103,7,7,130
701,110,7,7,130
708,117,7,7,131
715,124,7,7,133
722,131,7,7,139
729,138,7,7,146
736,145,7,7,153
743,152,7,7,159
750,159,7,7,170
757,166,7,7,186
764,173,7,7,211
771,180,7,7,238
778,187,7,7,257
785,194,7,7,263
792,201,7,7,264
799,208,7,7,265
806,215,7,7,265
407,207,7,7,266
414,214,7,7,267
421,221,7,7,268
428,228,7,7,269
435,235,7,7,270
442,242,7,7,271
449,249,7,7,272
456,256,7,7,272
463,263,7,7,272
470,270,7,7,272
477,277,7,7,272
484,284,7,7,272
491,291,7,7,272
498,298,7,7,272
505,305,7,7,272
512,312,7,7,272
519,319,7,7,272
526,326,7,7,272
533,333,7,7,272
540,340,7,7,272
547,347,7,7,272
554,354,7,7,272
561,361,7,7,272
568,368,7,7,272
575,375,7,7,272
582,382,7,7,272
589,389,7,7,272
596,396,7,7,272
603,403,7,7,272
610,396,7,-7,272
617,389,7,-7,272
624,382,7,-7,272
631,375,7,-7,268
638,368,7,-7,256
645,361,7,-7,233
652,354,7,-7,196
659,347,7,-7,150
666,340,7,-7,106
673,333,7,-7,86
680,326,7,-7,79
687,319,7,-7,75
694,312,7,-7,71
701,305,7,-7,65
708,298,7,-7,59
715,291,7,-7,52
722,284,7,-7,45
729,277,7,-7,37
736,270,7,-7,33
743,263,7,-7,30
750,256,7,-7,28
757,249,7,-7,27
764,242,7,-7,27
771,235,7,-7,27
778,228,7,-7,26
785,221,7,-7,23
792,214,7,-7,21
799,207,7,-7,18
806,200,7,-7,17
407,193,7,-7,17
414,186,7,-7,17
421,179,7,-7,16
428,172,7,-7,15
435,165,7,-7,15
442,158,7,-7,14
449,151,7,-7,12
456,144,7,-7,10
463,137,7,-7,10
470,130,7,-7,10
477,123,7,-7,9
484,116,7,-7,8
491,109,7,-7,7
498,102,7,-7,6
505,95,7,-7,5
512,88,7,-7,5
519,81,7,-7,4
526,74,7,-7,3
533,67,7,-7,2
540,60,7,-7,1
547,53,7,-7,0
554,46,7,-7,0
561,39,7,-7,0
568,32,7,-7,0
575,25,7,-7,0
582,18,7,-7,0
589,11,7,-7,0
596,4,7,-7,0
603,-3,7,-7,0
610,4,7,7,0
617,11,7,7,0
624,18,7,7,0
631,25,7,7,0
638,32,7,7,0
645,39,7,7,0
652,46,7,7,0
659,53,7,7,0
666,60,7,7,0
673,67,7,7,0
680,74,7,7,0
687,81,7,7,0
694,88,7,7,0
701,95,7,7,0
